Vehicle_ID,Velocity (m/s),Acceleration (m/s^2),Eccentricity,Community Neighborhood,Distance from RSU (m),RSU_Location,Latitude,Longitude,Vehicle_Type,Lane
Car_8,25.46,-7.4,0.77,3,3.3,"[22.25360429869858, 84.83712802524929]",22.2536043,84.83712803,car,l1
Bus_54,23.47,3.77,0.76,8,24.94,"[22.25360429869858, 84.83712802524929]",22.2536043,84.83712803,bus,l1
Car_2,36.06,12.56,0.12,12,17.81,"[22.25360429869858, 84.83712802524929]",22.2536043,84.83712803,car,l1
Police_Vehicle_1,15.56,4.88,0.26,5,27.96,"[22.25360429869858, 84.83712802524929]",22.2536043,84.83712803,police vehicle,l1
Truck_185,16.91,1.25,0.16,16,26.02,"[22.25360429869858, 84.83712802524929]",22.2536043,84.83712803,truck,l1
Truck_165,15.83,-0.1,0.15,1,5.14,"[22.25360429869858, 84.83712802524929]",22.2536043,84.83712803,truck,l1
Car_178,32.68,8.28,0.33,20,5.81,"[22.25360429869858, 84.83712802524929]",22.2536043,84.83712803,car,l1
Bus_186,22.02,1.64,0.74,10,27.49,"[22.25360429869858, 84.83712802524929]",22.2536043,84.83712803,bus,l1
Police vehicle_77,16.78,1.54,0.74,7,12.07,"[22.25360429869858, 84.83712802524929]",22.2536043,84.83712803,police vehicle,l1
Bus_116,21.92,-3.25,0.22,8,24.74,"[22.25360429869858, 84.83712802524929]",22.2536043,84.83712803,bus,l1
Car_51,30.45,-1.73,0.06,19,6.51,"[22.25360429869858, 84.83712802524929]",22.2536043,84.83712803,car,l1
Truck_62,0,0,0,12,2.31,"[22.25360429869858, 84.83712802524929]",22.2536043,84.83712803,truck,l1
Bus_119,22.38,5.94,0.25,12,17.28,"[22.25360429869858, 84.83712802524929]",22.2536043,84.83712803,bus,l1
Truck_102,19.59,-0.18,0.93,11,6.18,"[22.25360429869858, 84.83712802524929]",22.2536043,84.83712803,truck,l1
Truck_3,17.04,1.63,0.92,14,13.51,"[22.25360429869858, 84.83712802524929]",22.2536043,84.83712803,truck,l1
Truck_95,19.92,-4.83,0.81,18,14.23,"[22.25360429869858, 84.83712802524929]",22.2536043,84.83712803,truck,l1
Bus_58,20.16,-1.63,0.9,10,4.11,"[22.25360429869858, 84.83712802524929]",22.2536043,84.83712803,bus,l1
Bus_68,24.54,4.87,0.17,9,22.16,"[22.25360429869858, 84.83712802524929]",22.2536043,84.83712803,bus,l1
Police vehicle_106,17.91,-1.69,0.27,16,9.09,"[22.25360429869858, 84.83712802524929]",22.2536043,84.83712803,police vehicle,l1
Car_39,33.99,6.26,0.54,14,4.07,"[22.25360429869858, 84.83712802524929]",22.2536043,84.83712803,car,l1
Truck_122,17.58,-1.31,0.35,8,15.54,"[22.25360429869858, 84.83712802524929]",22.2536043,84.83712803,truck,l1
Truck_24,16.77,-3.14,0.46,1,27.18,"[22.25360429869858, 84.83712802524929]",22.2536043,84.83712803,truck,l1
Truck_194,18.04,3.94,0.72,3,11.01,"[22.25360429869858, 84.83712802524929]",22.2536043,84.83712803,truck,l1
Police vehicle_115,0,0,0,5,25.65,"[22.25360429869858, 84.83712802524929]",22.2536043,84.83712803,police vehicle,l1
Police vehicle_137,19.52,-0.83,0.29,9,28.5,"[22.25360429869858, 84.83712802524929]",22.2536043,84.83712803,police vehicle,l1
Police vehicle_86,0,0,0,5,9.29,"[22.25360429869858, 84.83712802524929]",22.2536043,84.83712803,police vehicle,l1
Car_29,31.54,2.25,0.23,12,1.52,"[22.25360429869858, 84.83712802524929]",22.2536043,84.83712803,car,l1
Police vehicle_129,5.98,-4.56,0.62,20,7.44,"[22.25360429869858, 84.83712802524929]",22.2536043,84.83712803,police vehicle,l1
Police vehicle_117,15.81,2.47,0.3,16,12.15,"[22.25360429869858, 84.83712802524929]",22.2536043,84.83712803,police vehicle,l1
Car_176,29.15,-4.16,0.14,2,22.1,"[22.25360429869858, 84.83712802524929]",22.2536043,84.83712803,car,l1
Car_112,31.84,-2.03,0.33,2,17.89,"[22.25360429869858, 84.83712802524929]",22.2536043,84.83712803,car,l1
Car_15,30.72,8.65,0.67,17,25.97,"[22.25360429869858, 84.83712802524929]",22.2536043,84.83712803,car,l1
Bus_154,20.08,-1.4,0.33,19,6.46,"[22.25360429869858, 84.83712802524929]",22.2536043,84.83712803,bus,l1
Truck_9,15.31,-4.56,0.01,18,12.63,"[22.25360429869858, 84.83712802524929]",22.2536043,84.83712803,truck,l1
Police vehicle_25,5.86,8.4,0.56,20,2.87,"[22.25360429869858, 84.83712802524929]",22.2536043,84.83712803,police vehicle,l1
Police vehicle_109,9.89,-0.2,0.98,3,13.13,"[22.25360429869858, 84.83712802524929]",22.2536043,84.83712803,police vehicle,l1
Police vehicle_82,6.48,8.97,0.68,7,20.74,"[22.25360429869858, 84.83712802524929]",22.2536043,84.83712803,police vehicle,l1
Truck_42,18.37,0.91,0.28,2,16.48,"[22.25360429869858, 84.83712802524929]",22.2536043,84.83712803,truck,l1
Bus_159,21.15,-5.97,0.36,19,29.82,"[22.25360429869858, 84.83712802524929]",22.2536043,84.83712803,bus,l1
Car_195,39.37,15.98,0.8,20,11.03,"[22.25360429869858, 84.83712802524929]",22.2536043,84.83712803,car,l1
Police vehicle_52,0,0,0,1,20.36,"[22.25360429869858, 84.83712802524929]",22.2536043,84.83712803,police vehicle,l1
Car_123,25.52,1.21,0.58,19,18.14,"[22.25360429869858, 84.83712802524929]",22.2536043,84.83712803,car,l1
Bus_156,24.27,6.68,0.59,1,15.62,"[22.25360429869858, 84.83712802524929]",22.2536043,84.83712803,bus,l1
Police vehicle_105,13.96,5.64,0.04,17,20.52,"[22.25360429869858, 84.83712802524929]",22.2536043,84.83712803,police vehicle,l1
Bus_26,20.13,-3.75,0.59,5,20.34,"[22.25360429869858, 84.83712802524929]",22.2536043,84.83712803,bus,l1
Car_5,31.88,10.46,0.85,18,5.89,"[22.25360429869858, 84.83712802524929]",22.2536043,84.83712803,car,l1
Bus_118,24.36,-4.17,0.86,10,27.89,"[22.25360429869858, 84.83712802524929]",22.2536043,84.83712803,bus,l1
Truck_50,16.03,1.62,0.2,1,17.79,"[22.25360429869858, 84.83712802524929]",22.2536043,84.83712803,truck,l1
Police vehicle_171,0,0,0,15,27.92,"[22.25360429869858, 84.83712802524929]",22.2536043,84.83712803,police vehicle,l1
Police_Vehicle_3,12.1,-4.18,0.77,12,16.83,"[22.25360429869858, 84.83712802524929]",22.2536043,84.83712803,police vehicle,l1
Bus_149,22.22,1.42,0.42,6,9.01,"[22.25360429869858, 84.83712802524929]",22.2536043,84.83712803,bus,l1
Police vehicle_46,0,0,0,8,1.39,"[22.25360429869858, 84.83712802524929]",22.2536043,84.83712803,police vehicle,l1
Police vehicle_130,0.46,9.47,0.9,8,25.59,"[22.25360429869858, 84.83712802524929]",22.2536043,84.83712803,police vehicle,l1
Bus_124,23.3,5.47,0.56,7,14.73,"[22.25360429869858, 84.83712802524929]",22.2536043,84.83712803,bus,l1
Car_91,27.65,14.48,0.35,13,21.65,"[22.25360429869858, 84.83712802524929]",22.2536043,84.83712803,car,l1
Car_56,38.71,2.96,0.38,5,0.21,"[22.25360429869858, 84.83712802524929]",22.2536043,84.83712803,car,l1
Police vehicle_57,19.21,4.76,0.29,17,18.35,"[22.25360429869858, 84.83712802524929]",22.2536043,84.83712803,police vehicle,l1
Bus_76,24.14,6.48,0.49,11,28.95,"[22.25360429869858, 84.83712802524929]",22.2536043,84.83712803,bus,l1
Police vehicle_75,5.28,-0.54,0.43,2,19.29,"[22.25360429869858, 84.83712802524929]",22.2536043,84.83712803,police vehicle,l1
Police vehicle_60,19.2,-5.58,0.21,17,26.24,"[22.25360429869858, 84.83712802524929]",22.2536043,84.83712803,police vehicle,l1
Truck_99,19.94,2.68,0.92,4,21.02,"[22.25360429869858, 84.83712802524929]",22.2536043,84.83712803,truck,l1
Police vehicle_180,0,0,0,7,13.61,"[22.25360429869858, 84.83712802524929]",22.2536043,84.83712803,police vehicle,l1
Bus_83,21.85,1.13,0.48,15,29.26,"[22.25360429869858, 84.83712802524929]",22.2536043,84.83712803,bus,l1
Bus_47,23.27,6.62,0.14,13,9.64,"[22.25360429869858, 84.83712802524929]",22.2536043,84.83712803,bus,l1
Bus_18,23.13,5.86,0.11,1,20.33,"[22.25360429869858, 84.83712802524929]",22.2536043,84.83712803,bus,l1
Bus_146,24.53,3.95,0.86,9,5.16,"[22.25360429869858, 84.83712802524929]",22.2536043,84.83712803,bus,l1
Police vehicle_81,19.26,8.6,0.57,15,20.06,"[22.25360429869858, 84.83712802524929]",22.2536043,84.83712803,police vehicle,l1
Bus_53,0,0,0,13,3.73,"[22.25360429869858, 84.83712802524929]",22.2536043,84.83712803,bus,l1
Car_100,28.67,3.42,0.51,6,17.37,"[22.25360429869858, 84.83712802524929]",22.2536043,84.83712803,car,l1
Police vehicle_153,16.35,-8.08,0.13,15,8.58,"[22.25360429869858, 84.83712802524929]",22.2536043,84.83712803,police vehicle,l1
Police vehicle_101,3.93,-5.54,0.95,4,14.81,"[22.25360429869858, 84.83712802524929]",22.2536043,84.83712803,police vehicle,l1
Bus_136,24.32,-4.59,0.11,2,9.73,"[22.25360429869858, 84.83712802524929]",22.2536043,84.83712803,bus,l1
Bus_65,21.84,-3.7,0.29,16,14.47,"[22.25360429869858, 84.83712802524929]",22.2536043,84.83712803,bus,l1
Car_16,0,0,0,12,24.81,"[22.25360429869858, 84.83712802524929]",22.2536043,84.83712803,car,l1
Truck_43,18.99,0.14,0.25,8,6.31,"[22.25360429869858, 84.83712802524929]",22.2536043,84.83712803,truck,l1
Truck_143,16.45,4.8,0.54,1,20.39,"[22.25360429869858, 84.83712802524929]",22.2536043,84.83712803,truck,l1
Car_96,31.54,3.48,0.07,9,18.16,"[22.25360429869858, 84.83712802524929]",22.2536043,84.83712803,car,l1
Police vehicle_160,17.51,1.32,0.81,2,2.15,"[22.25360429869858, 84.83712802524929]",22.2536043,84.83712803,police vehicle,l1
Truck_44,17.18,-4.44,0.79,20,20.28,"[22.25360429869858, 84.83712802524929]",22.2536043,84.83712803,truck,l1
Truck_80,18.07,-1.81,0.62,15,4.14,"[22.25360429869858, 84.83712802524929]",22.2536043,84.83712803,truck,l1
Truck_48,17.18,-0.74,0.68,7,13.79,"[22.25360429869858, 84.83712802524929]",22.2536043,84.83712803,truck,l1
Truck_187,0,0,0,6,16.8,"[22.25360429869858, 84.83712802524929]",22.2536043,84.83712803,truck,l1
Car_32,33.36,-7.64,0.15,14,15.08,"[22.25360429869858, 84.83712802524929]",22.2536043,84.83712803,car,l1
Car_138,26.9,10.52,0.03,12,14.53,"[22.25360429869858, 84.83712802524929]",22.2536043,84.83712803,car,l1
Car_27,32.26,4.43,0.14,14,18.85,"[22.25360429869858, 84.83712802524929]",22.2536043,84.83712803,car,l1
Police vehicle_190,17.44,5.79,0.07,7,22.12,"[22.25360429869858, 84.83712802524929]",22.2536043,84.83712803,police vehicle,l1
Car_63,29.41,-1.55,0.77,9,25.39,"[22.25360429869858, 84.83712802524929]",22.2536043,84.83712803,car,l1
Bus_172,22.88,-3.95,0.11,7,13.37,"[22.25360429869858, 84.83712802524929]",22.2536043,84.83712803,bus,l1
Bus_94,20.15,-3.6,0.73,10,17.67,"[22.25360429869858, 84.83712802524929]",22.2536043,84.83712803,bus,l1
Truck_131,15.15,-2.29,0.04,11,25.93,"[22.25360429869858, 84.83712802524929]",22.2536043,84.83712803,truck,l1
Bus_4,24.85,-4.47,0.11,20,14.48,"[22.25360429869858, 84.83712802524929]",22.2536043,84.83712803,bus,l1
Police_Vehicle_2,15.15,0.14,0.64,1,11.56,"[22.25360429869858, 84.83712802524929]",22.2536043,84.83712803,police vehicle,l1
Car_196,31.41,-6.39,0.32,10,21.5,"[22.25360429869858, 84.83712802524929]",22.2536043,84.83712803,car,l1
Police vehicle_148,18.15,-0.09,0.42,9,20.18,"[22.25360429869858, 84.83712802524929]",22.2536043,84.83712803,police vehicle,l1
Car_175,36.82,-8.93,0.04,18,8.48,"[22.25360429869858, 84.83712802524929]",22.2536043,84.83712803,car,l1
Car_163,30.23,8.96,0.01,19,7.71,"[22.25360429869858, 84.83712802524929]",22.2536043,84.83712803,car,l1
Car_97,39.53,5.39,0.1,11,11.88,"[22.25360429869858, 84.83712802524929]",22.2536043,84.83712803,car,l1
Bus_104,21.66,7.93,0.31,11,3.84,"[22.25360429869858, 84.83712802524929]",22.2536043,84.83712803,bus,l1
Police vehicle_157,17.78,-5.66,0.8,12,21.81,"[22.25360429869858, 84.83712802524929]",22.2536043,84.83712803,police vehicle,l1
Bus_184,21.24,-1.25,0.6,10,15.31,"[22.25360429869858, 84.83712802524929]",22.2536043,84.83712803,bus,l1
Truck_151,16.46,-2.35,0.39,19,13.51,"[22.25360429869858, 84.83712802524929]",22.2536043,84.83712803,truck,l1
Truck_61,17.06,0.05,0.37,15,10.9,"[22.25360429869858, 84.83712802524929]",22.2536043,84.83712803,truck,l1
Police vehicle_72,0,0,0,20,6.96,"[22.25360429869858, 84.83712802524929]",22.2536043,84.83712803,police vehicle,l1
Bus_12,23.3,2.94,0.97,3,14.11,"[22.25360429869858, 84.83712802524929]",22.2536043,84.83712803,bus,l1
Truck_121,15.94,-1.12,0.78,1,11.47,"[22.25360429869858, 84.83712802524929]",22.2536043,84.83712803,truck,l1
Police vehicle_20,8.39,1.66,0.53,6,27.06,"[22.25360429869858, 84.83712802524929]",22.2536043,84.83712803,police vehicle,l1
Police vehicle_197,0,0,0,3,9.45,"[22.25360429869858, 84.83712802524929]",22.2536043,84.83712803,police vehicle,l1
Car_144,33.43,11.43,0.7,13,2.02,"[22.25360429869858, 84.83712802524929]",22.2536043,84.83712803,car,l1
Police vehicle_189,5.87,0.54,0.4,9,21.98,"[22.25360429869858, 84.83712802524929]",22.2536043,84.83712803,police vehicle,l1
Bus_108,21.59,-5.55,0.93,17,15.77,"[22.25360429869858, 84.83712802524929]",22.2536043,84.83712803,bus,l1
Truck_98,18.86,2.11,0.32,12,8.13,"[22.25360429869858, 84.83712802524929]",22.2536043,84.83712803,truck,l1
Truck_7,18.57,1.56,0.31,4,6.64,"[22.25360429869858, 84.83712802524929]",22.2536043,84.83712803,truck,l1
Car_49,30.46,1.59,0.01,20,16.78,"[22.25360429869858, 84.83712802524929]",22.2536043,84.83712803,car,l1
Bus_84,22.02,-5.34,0.28,14,28.52,"[22.25360429869858, 84.83712802524929]",22.2536043,84.83712803,bus,l1
Bus_127,21.63,0.93,0.77,14,13.68,"[22.25360429869858, 84.83712802524929]",22.2536043,84.83712803,bus,l1
Police vehicle_128,6.86,6.64,0.36,18,16.7,"[22.25360429869858, 84.83712802524929]",22.2536043,84.83712803,police vehicle,l1
Car_14,35.86,18.73,0.43,8,13.55,"[22.25360429869858, 84.83712802524929]",22.2536043,84.83712803,car,l1
Police vehicle_174,8.53,-0.31,0.39,9,18.13,"[22.25360429869858, 84.83712802524929]",22.2536043,84.83712803,police vehicle,l1
Car_93,0,0,0,7,7.06,"[22.25360429869858, 84.83712802524929]",22.2536043,84.83712803,car,l1
Bus_181,23.48,-1.4,0.23,4,4.09,"[22.25360429869858, 84.83712802524929]",22.2536043,84.83712803,bus,l1
Truck_164,19.59,-1.27,0.49,2,1.6,"[22.25360429869858, 84.83712802524929]",22.2536043,84.83712803,truck,l1
Car_1,34.41,0.51,0.79,1,26.98,"[22.25360429869858, 84.83712802524929]",22.2536043,84.83712803,car,l1
Bus_31,20,4.95,0.27,3,3.59,"[22.25360429869858, 84.83712802524929]",22.2536043,84.83712803,bus,l1
Police vehicle_120,19.95,0.34,0.71,5,24.8,"[22.25360429869858, 84.83712802524929]",22.2536043,84.83712803,police vehicle,l1
Bus_64,24.66,6.59,0.38,12,5.98,"[22.25360429869858, 84.83712802524929]",22.2536043,84.83712803,bus,l1
Car_183,25.94,-8.99,0.6,20,17.13,"[22.25360429869858, 84.83712802524929]",22.2536043,84.83712803,car,l1
Bus_69,21.09,-4.38,0.48,18,29.69,"[22.25360429869858, 84.83712802524929]",22.2536043,84.83712803,bus,l1
Car_21,27.34,-6.29,0.55,2,28.52,"[22.25360429869858, 84.83712802524929]",22.2536043,84.83712803,car,l1
Car_134,30.93,-3.95,0.59,17,29.33,"[22.25360429869858, 84.83712802524929]",22.2536043,84.83712803,car,l1
Car_34,38.29,-6.07,0.2,4,4.67,"[22.25360429869858, 84.83712802524929]",22.2536043,84.83712803,car,l1
Bus_17,20.07,-5.88,0.62,3,13.7,"[22.25360429869858, 84.83712802524929]",22.2536043,84.83712803,bus,l1
Car_141,25.72,7.04,0.75,18,10.09,"[22.25360429869858, 84.83712802524929]",22.2536043,84.83712803,car,l1
Car_33,27.74,13.73,0.66,11,5.82,"[22.25360429869858, 84.83712802524929]",22.2536043,84.83712803,car,l1
Bus_133,24.86,0.88,0.77,12,12.76,"[22.25360429869858, 84.83712802524929]",22.2536043,84.83712803,bus,l1
Bus_110,20.7,4.61,0.76,6,20.15,"[22.25360429869858, 84.83712802524929]",22.2536043,84.83712803,bus,l1
Car_45,36.33,-0.23,0.41,9,18.52,"[22.25360429869858, 84.83712802524929]",22.2536043,84.83712803,car,l1
Truck_6,16.37,0.05,0.24,14,0.02,"[22.25360429869858, 84.83712802524929]",22.2536043,84.83712803,truck,l1
Car_87,26.67,-1.09,0.58,2,29.54,"[22.25360429869858, 84.83712802524929]",22.2536043,84.83712803,car,l1
Car_13,38.65,6.39,0.79,16,12.62,"[22.25360429869858, 84.83712802524929]",22.2536043,84.83712803,car,l1
Car_37,31.19,-2.59,0.46,5,20.45,"[22.25360429869858, 84.83712802524929]",22.2536043,84.83712803,car,l1
Truck_168,15.25,0.97,0.8,16,24.87,"[22.25360429869858, 84.83712802524929]",22.2536043,84.83712803,truck,l1
Truck_135,19.59,1.89,0.69,17,27.7,"[22.25360429869858, 84.83712802524929]",22.2536043,84.83712803,truck,l1
Truck_111,18.9,0.85,0.54,7,28.69,"[22.25360429869858, 84.83712802524929]",22.2536043,84.83712803,truck,l1
Car_166,26.72,3.99,0.18,16,0.93,"[22.25360429869858, 84.83712802524929]",22.2536043,84.83712803,car,l1
Truck_85,15.13,2.57,0.98,15,29.21,"[22.25360429869858, 84.83712802524929]",22.2536043,84.83712803,truck,l1
Truck_70,19.52,4.21,0.68,3,26.45,"[22.25360429869858, 84.83712802524929]",22.2536043,84.83712803,truck,l1
Police vehicle_182,15.86,9.59,0.85,9,1.53,"[22.25360429869858, 84.83712802524929]",22.2536043,84.83712803,police vehicle,l1
Bus_155,22.03,-1.57,0.88,3,20.5,"[22.25360429869858, 84.83712802524929]",22.2536043,84.83712803,bus,l1
Bus_19,0,0,0,1,11.83,"[22.25360429869858, 84.83712802524929]",22.2536043,84.83712803,bus,l1
Car_158,37.98,10.75,0.06,11,17.85,"[22.25360429869858, 84.83712802524929]",22.2536043,84.83712803,car,l1
Bus_173,20.29,-1.21,0.01,18,2.4,"[22.25360429869858, 84.83712802524929]",22.2536043,84.83712803,bus,l1
Police vehicle_78,18.02,1.23,0.58,9,4.1,"[22.25360429869858, 84.83712802524929]",22.2536043,84.83712803,police vehicle,l1
Bus_66,23.97,-3.28,0.96,19,28.07,"[22.25360429869858, 84.83712802524929]",22.2536043,84.83712803,bus,l1
Car_41,34.09,15.4,0.3,15,27.19,"[22.25360429869858, 84.83712802524929]",22.2536043,84.83712803,car,l1
Truck_35,19.43,4.85,0.93,5,4.42,"[22.25360429869858, 84.83712802524929]",22.2536043,84.83712803,truck,l1
Bus_132,21.27,-1.36,0.61,13,22.89,"[22.25360429869858, 84.83712802524929]",22.2536043,84.83712803,bus,l1
Police vehicle_142,0,0,0,15,7.7,"[22.25360429869858, 84.83712802524929]",22.2536043,84.83712803,police vehicle,l1
Car_74,34.76,3.63,0.88,3,17.61,"[22.25360429869858, 84.83712802524929]",22.2536043,84.83712803,car,l1
Police vehicle_169,0,0,0,7,24.6,"[22.25360429869858, 84.83712802524929]",22.2536043,84.83712803,police vehicle,l1
Police vehicle_40,6.09,-6.27,0.78,14,23.9,"[22.25360429869858, 84.83712802524929]",22.2536043,84.83712803,police vehicle,l1
Bus_92,0,0,0,11,12.81,"[22.25360429869858, 84.83712802524929]",22.2536043,84.83712803,bus,l1
Truck_36,16.18,-0.34,0.86,11,6.49,"[22.25360429869858, 84.83712802524929]",22.2536043,84.83712803,truck,l1
Truck_73,15.15,4.36,0.54,18,20.49,"[22.25360429869858, 84.83712802524929]",22.2536043,84.83712803,truck,l1
Police vehicle_139,11.22,1.9,0.62,20,6.5,"[22.25360429869858, 84.83712802524929]",22.2536043,84.83712803,police vehicle,l1
Bus_161,23.99,3.6,0.91,19,15.93,"[22.25360429869858, 84.83712802524929]",22.2536043,84.83712803,bus,l1
Police vehicle_191,9.34,-7.08,0.61,2,19.59,"[22.25360429869858, 84.83712802524929]",22.2536043,84.83712803,police vehicle,l1
Car_11,31.29,14.6,0.38,18,5.9,"[22.25360429869858, 84.83712802524929]",22.2536043,84.83712803,car,l1
Car_89,27.07,-3.08,0.07,20,17.93,"[22.25360429869858, 84.83712802524929]",22.2536043,84.83712803,car,l1
Truck_147,17.76,-1.27,0,3,18.29,"[22.25360429869858, 84.83712802524929]",22.2536043,84.83712803,truck,l1
Car_152,0,0,0,7,5.45,"[22.25360429869858, 84.83712802524929]",22.2536043,84.83712803,car,l1
Bus_114,20.15,3.82,0.27,2,3.19,"[22.25360429869858, 84.83712802524929]",22.2536043,84.83712803,bus,l1
Bus_170,20.59,-4.42,0.03,6,24.45,"[22.25360429869858, 84.83712802524929]",22.2536043,84.83712803,bus,l1
Truck_140,18.41,-3.69,0.68,2,23.23,"[22.25360429869858, 84.83712802524929]",22.2536043,84.83712803,truck,l1
Truck_88,0,0,0,18,1.62,"[22.25360429869858, 84.83712802524929]",22.2536043,84.83712803,truck,l1
Bus_145,20.85,7.77,0.04,9,24.71,"[22.25360429869858, 84.83712802524929]",22.2536043,84.83712803,bus,l1
Police vehicle_125,16.11,3.87,0.89,16,6.09,"[22.25360429869858, 84.83712802524929]",22.2536043,84.83712803,police vehicle,l1
Bus_30,20.3,-0.1,0.53,13,12.43,"[22.25360429869858, 84.83712802524929]",22.2536043,84.83712803,bus,l1
Truck_22,15.82,2.13,0.94,9,25.79,"[22.25360429869858, 84.83712802524929]",22.2536043,84.83712803,truck,l1
Truck_23,17.92,1.89,0.99,15,26.82,"[22.25360429869858, 84.83712802524929]",22.2536043,84.83712803,truck,l1
Police vehicle_167,6.12,-0.93,0.88,13,0.98,"[22.25360429869858, 84.83712802524929]",22.2536043,84.83712803,police vehicle,l1
Truck_67,18.76,3.12,0.47,12,18.8,"[22.25360429869858, 84.83712802524929]",22.2536043,84.83712803,truck,l1
Police vehicle_90,0,0,0,6,4.4,"[22.25360429869858, 84.83712802524929]",22.2536043,84.83712803,police vehicle,l1
Car_55,37.77,11.28,0.01,15,3.17,"[22.25360429869858, 84.83712802524929]",22.2536043,84.83712803,car,l1
Bus_177,22.31,4.76,0.93,6,27.79,"[22.25360429869858, 84.83712802524929]",22.2536043,84.83712803,bus,l1
Car_193,34.22,-11.86,0.34,16,6.62,"[22.25360429869858, 84.83712802524929]",22.2536043,84.83712803,car,l1
Bus_103,20.4,-2,0.18,18,13.3,"[22.25360429869858, 84.83712802524929]",22.2536043,84.83712803,bus,l1
Bus_59,21.29,-1.42,0.6,16,14.87,"[22.25360429869858, 84.83712802524929]",22.2536043,84.83712803,bus,l1
Truck_28,18.45,1.86,0.56,20,27.29,"[22.25360429869858, 84.83712802524929]",22.2536043,84.83712803,truck,l1
Truck_126,17.39,0.8,0.03,12,18.39,"[22.25360429869858, 84.83712802524929]",22.2536043,84.83712803,truck,l1
Truck_113,18.4,2.76,0.7,18,21.68,"[22.25360429869858, 84.83712802524929]",22.2536043,84.83712803,truck,l1
Truck_10,19.87,1.83,0.49,19,28.29,"[22.25360429869858, 84.83712802524929]",22.2536043,84.83712803,truck,l1
Truck_162,15.54,1.01,0.45,7,19.53,"[22.25360429869858, 84.83712802524929]",22.2536043,84.83712803,truck,l1
Bus_192,21.7,1.03,0.32,19,22.14,"[22.25360429869858, 84.83712802524929]",22.2536043,84.83712803,bus,l1
Bus_79,20.87,7.23,0.8,19,8.49,"[22.25360429869858, 84.83712802524929]",22.2536043,84.83712803,bus,l1
Police vehicle_188,14.36,-2.15,0.52,13,9.44,"[22.25360429869858, 84.83712802524929]",22.2536043,84.83712803,police vehicle,l1
Bus_179,0,0,0,4,7.22,"[22.25360429869858, 84.83712802524929]",22.2536043,84.83712803,bus,l1
Police vehicle_38,6.13,8.27,0.28,2,12.68,"[22.25360429869858, 84.83712802524929]",22.2536043,84.83712803,police vehicle,l1
Police vehicle_150,4.94,-5.73,1,8,29.5,"[22.25360429869858, 84.83712802524929]",22.2536043,84.83712803,police vehicle,l1
Truck_107,15.22,2.58,0.28,9,28.09,"[22.25360429869858, 84.83712802524929]",22.2536043,84.83712803,truck,l1
Police vehicle_71,10.84,-1.47,0.16,1,9.63,"[22.25360429869858, 84.83712802524929]",22.2536043,84.83712803,police vehicle,l1
Truck_29,-13.7,-2.94,0.15,16,12.5,"[22.25360429869858, 84.83712802524929]",22.2536043,84.83712803,truck,l2
Truck_44,-11.3,4.47,0.63,4,5.78,"[22.25360429869858, 84.83712802524929]",22.2536043,84.83712803,truck,l2
Police vehicle_108,-5.07,-6.3,0.12,3,18.71,"[22.25360429869858, 84.83712802524929]",22.2536043,84.83712803,police vehicle,l2
Truck_179,-10.26,-2.44,0.56,3,9.24,"[22.25360429869858, 84.83712802524929]",22.2536043,84.83712803,truck,l2
Car_112,-33.56,-8.78,0.35,16,1.11,"[22.25360429869858, 84.83712802524929]",22.2536043,84.83712803,car,l2
Car_142,-33.83,17.92,0.64,7,21.66,"[22.25360429869858, 84.83712802524929]",22.2536043,84.83712803,car,l2
Car_146,-25.82,8.56,0.05,3,6.32,"[22.25360429869858, 84.83712802524929]",22.2536043,84.83712803,car,l2
Car_13,-32.87,17.78,0.09,16,4.83,"[22.25360429869858, 84.83712802524929]",22.2536043,84.83712803,car,l2
Truck_105,-13.93,-4.67,0.55,10,20.2,"[22.25360429869858, 84.83712802524929]",22.2536043,84.83712803,truck,l2
Police vehicle_25,0,0,0,15,10.14,"[22.25360429869858, 84.83712802524929]",22.2536043,84.83712803,police vehicle,l2
Bus_189,-16.81,-0.72,0.07,10,0.1,"[22.25360429869858, 84.83712802524929]",22.2536043,84.83712803,bus,l2
Police vehicle_178,0,0,0,13,23.26,"[22.25360429869858, 84.83712802524929]",22.2536043,84.83712803,police vehicle,l2
Bus_128,-17.32,5.41,0.45,13,19.37,"[22.25360429869858, 84.83712802524929]",22.2536043,84.83712803,bus,l2
Bus_143,-18.05,1.56,0.49,17,16.59,"[22.25360429869858, 84.83712802524929]",22.2536043,84.83712803,bus,l2
Bus_160,-16.08,1.55,0.84,16,13.85,"[22.25360429869858, 84.83712802524929]",22.2536043,84.83712803,bus,l2
Bus_139,-11.09,-5.21,0.48,13,16.35,"[22.25360429869858, 84.83712802524929]",22.2536043,84.83712803,bus,l2
Police vehicle_96,-9.66,-8.06,0.46,4,10.11,"[22.25360429869858, 84.83712802524929]",22.2536043,84.83712803,police vehicle,l2
Police vehicle_39,-5.03,-1.22,0.26,16,5.51,"[22.25360429869858, 84.83712802524929]",22.2536043,84.83712803,police vehicle,l2
Bus_41,-18.76,-3.1,0.46,11,29.56,"[22.25360429869858, 84.83712802524929]",22.2536043,84.83712803,bus,l2
Police vehicle_172,-2.58,6.78,0.84,13,22.39,"[22.25360429869858, 84.83712802524929]",22.2536043,84.83712803,police vehicle,l2
Police vehicle_23,-1.75,-8.1,0.91,4,29.67,"[22.25360429869858, 84.83712802524929]",22.2536043,84.83712803,police vehicle,l2
Truck_6,-12.72,1.41,0.87,12,14.62,"[22.25360429869858, 84.83712802524929]",22.2536043,84.83712803,truck,l2
Car_7,-25.3,5.87,0.01,10,20.37,"[22.25360429869858, 84.83712802524929]",22.2536043,84.83712803,car,l2
Police vehicle_111,-8.68,3.34,0.98,18,21.53,"[22.25360429869858, 84.83712802524929]",22.2536043,84.83712803,police vehicle,l2
Truck_49,-10.16,0.77,0.59,19,0.35,"[22.25360429869858, 84.83712802524929]",22.2536043,84.83712803,truck,l2
Car_87,-23.51,5.2,0.86,14,25.91,"[22.25360429869858, 84.83712802524929]",22.2536043,84.83712803,car,l2
Police vehicle_176,-4.01,0.02,0.72,3,16.24,"[22.25360429869858, 84.83712802524929]",22.2536043,84.83712803,police vehicle,l2
Police vehicle_132,-7.49,-8.72,0.05,6,7.66,"[22.25360429869858, 84.83712802524929]",22.2536043,84.83712803,police vehicle,l2
Car_115,-33.27,-3.54,0.73,8,13.1,"[22.25360429869858, 84.83712802524929]",22.2536043,84.83712803,car,l2
Car_119,-29.84,-11.51,0.52,18,12.56,"[22.25360429869858, 84.83712802524929]",22.2536043,84.83712803,car,l2
Bus_15,-11.16,-0.15,0.86,12,24.31,"[22.25360429869858, 84.83712802524929]",22.2536043,84.83712803,bus,l2
Bus_67,-13.28,-4.3,0.98,3,13.38,"[22.25360429869858, 84.83712802524929]",22.2536043,84.83712803,bus,l2
Bus_169,-10.35,-1.39,0.37,8,27.76,"[22.25360429869858, 84.83712802524929]",22.2536043,84.83712803,bus,l2
Bus_121,-18.29,-4.33,0.95,11,1.17,"[22.25360429869858, 84.83712802524929]",22.2536043,84.83712803,bus,l2
Police vehicle_138,-3.28,5.88,0.37,9,12.41,"[22.25360429869858, 84.83712802524929]",22.2536043,84.83712803,police vehicle,l2
Police vehicle_133,-9.75,3.56,0.59,6,23.65,"[22.25360429869858, 84.83712802524929]",22.2536043,84.83712803,police vehicle,l2
Truck_51,-13.06,-1.63,0.28,16,27.42,"[22.25360429869858, 84.83712802524929]",22.2536043,84.83712803,truck,l2
Truck_147,-14.78,-5,0.18,4,21.94,"[22.25360429869858, 84.83712802524929]",22.2536043,84.83712803,truck,l2
Truck_122,-14.41,0.85,0.65,6,22.9,"[22.25360429869858, 84.83712802524929]",22.2536043,84.83712803,truck,l2
Car_71,-33.01,-6.53,0.87,19,7.65,"[22.25360429869858, 84.83712802524929]",22.2536043,84.83712803,car,l2
Truck_151,-12.5,4.25,0.76,18,25.41,"[22.25360429869858, 84.83712802524929]",22.2536043,84.83712803,truck,l2
Bus_86,-16.84,2.42,0.7,7,21.7,"[22.25360429869858, 84.83712802524929]",22.2536043,84.83712803,bus,l2
Car_40,-26.5,-0.95,0.97,14,15.13,"[22.25360429869858, 84.83712802524929]",22.2536043,84.83712803,car,l2
Bus_12,-11.22,-5.05,0.93,1,1.89,"[22.25360429869858, 84.83712802524929]",22.2536043,84.83712803,bus,l2
Bus_89,-18.17,3.58,0.64,7,16.85,"[22.25360429869858, 84.83712802524929]",22.2536043,84.83712803,bus,l2
Truck_78,0,0,0,14,5.49,"[22.25360429869858, 84.83712802524929]",22.2536043,84.83712803,truck,l2
Car_129,-36.59,-1.39,0.68,3,21.27,"[22.25360429869858, 84.83712802524929]",22.2536043,84.83712803,car,l2
Truck_100,-11.81,1.11,0.91,7,28.72,"[22.25360429869858, 84.83712802524929]",22.2536043,84.83712803,truck,l2
Police vehicle_92,-2.82,-4.46,0.04,16,25.65,"[22.25360429869858, 84.83712802524929]",22.2536043,84.83712803,police vehicle,l2
Car_127,-32.05,1.53,0.21,13,16.39,"[22.25360429869858, 84.83712802524929]",22.2536043,84.83712803,car,l2
Police vehicle_55,-0.51,-8.63,0.66,5,29.98,"[22.25360429869858, 84.83712802524929]",22.2536043,84.83712803,police vehicle,l2
Truck_166,-11.5,1.88,0.63,14,9.3,"[22.25360429869858, 84.83712802524929]",22.2536043,84.83712803,truck,l2
Truck_125,-10.99,4.61,0.06,20,15.59,"[22.25360429869858, 84.83712802524929]",22.2536043,84.83712803,truck,l2
Bus_135,-17.61,7.65,0.22,18,13.26,"[22.25360429869858, 84.83712802524929]",22.2536043,84.83712803,bus,l2
Car_38,0,0,0,9,7.76,"[22.25360429869858, 84.83712802524929]",22.2536043,84.83712803,car,l2
Truck_117,-10.6,-2.26,0.83,9,3.66,"[22.25360429869858, 84.83712802524929]",22.2536043,84.83712803,truck,l2
Police vehicle_126,-2.65,-6.16,0.21,10,11.86,"[22.25360429869858, 84.83712802524929]",22.2536043,84.83712803,police vehicle,l2
Car_193,-35.31,7.9,0.42,11,11.97,"[22.25360429869858, 84.83712802524929]",22.2536043,84.83712803,car,l2
Police vehicle_48,-2.51,8.32,0.43,20,16.47,"[22.25360429869858, 84.83712802524929]",22.2536043,84.83712803,police vehicle,l2
Truck_95,-13.94,-0.95,0.28,19,5.18,"[22.25360429869858, 84.83712802524929]",22.2536043,84.83712803,truck,l2
Police vehicle_56,-5.69,-7.39,0.29,7,9.86,"[22.25360429869858, 84.83712802524929]",22.2536043,84.83712803,police vehicle,l2
Police vehicle_17,-8.39,4.32,0.37,12,5.84,"[22.25360429869858, 84.83712802524929]",22.2536043,84.83712803,police vehicle,l2
Bus_90,-15.11,5.02,0.74,18,27.46,"[22.25360429869858, 84.83712802524929]",22.2536043,84.83712803,bus,l2
Police vehicle_153,0,0,0,18,9.46,"[22.25360429869858, 84.83712802524929]",22.2536043,84.83712803,police vehicle,l2
Police vehicle_97,-7.08,2.58,0.48,14,8.42,"[22.25360429869858, 84.83712802524929]",22.2536043,84.83712803,police vehicle,l2
Truck_81,-13.3,-1.71,0.21,5,6.4,"[22.25360429869858, 84.83712802524929]",22.2536043,84.83712803,truck,l2
Car_185,-26.43,1.39,0.72,12,16.83,"[22.25360429869858, 84.83712802524929]",22.2536043,84.83712803,car,l2
Truck_33,-14.25,1.84,0.73,17,5.12,"[22.25360429869858, 84.83712802524929]",22.2536043,84.83712803,truck,l2
Police_Vehicle_1,-2.66,5.5,0.08,10,22.98,"[22.25360429869858, 84.83712802524929]",22.2536043,84.83712803,police vehicle,l2
Bus_182,-17.31,-1.98,0.47,13,22.98,"[22.25360429869858, 84.83712802524929]",22.2536043,84.83712803,bus,l2
Bus_144,-10.83,4.25,0.71,13,3.44,"[22.25360429869858, 84.83712802524929]",22.2536043,84.83712803,bus,l2
Car_11,0,0,0,14,28.75,"[22.25360429869858, 84.83712802524929]",22.2536043,84.83712803,car,l2
Truck_50,-14.4,4.1,0.97,5,23.61,"[22.25360429869858, 84.83712802524929]",22.2536043,84.83712803,truck,l2
Car_158,-24.32,-8.42,0.71,11,26.46,"[22.25360429869858, 84.83712802524929]",22.2536043,84.83712803,car,l2
Car_66,-30.13,5.5,0.7,14,0.72,"[22.25360429869858, 84.83712802524929]",22.2536043,84.83712803,car,l2
Car_98,-30.47,13.68,0.04,16,14.97,"[22.25360429869858, 84.83712802524929]",22.2536043,84.83712803,car,l2
Car_80,-30.35,4.84,0.72,20,29.73,"[22.25360429869858, 84.83712802524929]",22.2536043,84.83712803,car,l2
Truck_130,-14.28,-0.94,0.32,20,9.43,"[22.25360429869858, 84.83712802524929]",22.2536043,84.83712803,truck,l2
Car_101,-33.3,-0.35,0.14,16,2.9,"[22.25360429869858, 84.83712802524929]",22.2536043,84.83712803,car,l2
Car_79,-28.81,-5.25,0.36,1,27.38,"[22.25360429869858, 84.83712802524929]",22.2536043,84.83712803,car,l2
Bus_188,-18.16,1.5,0.76,11,10.59,"[22.25360429869858, 84.83712802524929]",22.2536043,84.83712803,bus,l2
Truck_149,-13.97,-3.2,0.65,12,22.93,"[22.25360429869858, 84.83712802524929]",22.2536043,84.83712803,truck,l2
Bus_32,-18.86,3.65,0.53,13,17.42,"[22.25360429869858, 84.83712802524929]",22.2536043,84.83712803,bus,l2
Bus_35,-13.82,-1.97,0.12,13,15.45,"[22.25360429869858, 84.83712802524929]",22.2536043,84.83712803,bus,l2
Truck_131,-12.86,-3.42,0.12,15,11.41,"[22.25360429869858, 84.83712802524929]",22.2536043,84.83712803,truck,l2
Truck_148,-12.57,2.74,0.17,12,16.24,"[22.25360429869858, 84.83712802524929]",22.2536043,84.83712803,truck,l2
Car_175,-33.04,-6.67,0.68,18,27.21,"[22.25360429869858, 84.83712802524929]",22.2536043,84.83712803,car,l2
Bus_94,-18.86,6.77,0.27,4,1.74,"[22.25360429869858, 84.83712802524929]",22.2536043,84.83712803,bus,l2
Car_75,0,0,0,7,10.85,"[22.25360429869858, 84.83712802524929]",22.2536043,84.83712803,car,l2
Car_171,-36.02,11.49,0.24,3,13.96,"[22.25360429869858, 84.83712802524929]",22.2536043,84.83712803,car,l2
Bus_14,-14.87,-1.66,0.31,17,4.02,"[22.25360429869858, 84.83712802524929]",22.2536043,84.83712803,bus,l2
Truck_60,-14.27,-4.74,0.12,3,27.62,"[22.25360429869858, 84.83712802524929]",22.2536043,84.83712803,truck,l2
Truck_45,-11.07,-2.36,0.11,8,29.41,"[22.25360429869858, 84.83712802524929]",22.2536043,84.83712803,truck,l2
Bus_192,-11.99,2.76,0.59,7,12.92,"[22.25360429869858, 84.83712802524929]",22.2536043,84.83712803,bus,l2
Police vehicle_4,-7.57,-1.48,0.12,4,23.9,"[22.25360429869858, 84.83712802524929]",22.2536043,84.83712803,police vehicle,l2
Bus_5,-12.28,3.66,0.81,9,7.21,"[22.25360429869858, 84.83712802524929]",22.2536043,84.83712803,bus,l2
Police vehicle_31,0,0,0,12,25.98,"[22.25360429869858, 84.83712802524929]",22.2536043,84.83712803,police vehicle,l2
Bus_190,-11.07,-2.1,0.78,15,8.14,"[22.25360429869858, 84.83712802524929]",22.2536043,84.83712803,bus,l2
Truck_124,-13.35,1.44,0.66,12,21.27,"[22.25360429869858, 84.83712802524929]",22.2536043,84.83712803,truck,l2
Police vehicle_59,-9.89,-2.36,0.98,10,10.11,"[22.25360429869858, 84.83712802524929]",22.2536043,84.83712803,police vehicle,l2
Truck_72,-10.18,-1.74,0.28,6,20.68,"[22.25360429869858, 84.83712802524929]",22.2536043,84.83712803,truck,l2
Truck_65,-12.67,1.86,0.26,12,27.89,"[22.25360429869858, 84.83712802524929]",22.2536043,84.83712803,truck,l2
Car_164,-32.38,0.14,0.13,18,25.35,"[22.25360429869858, 84.83712802524929]",22.2536043,84.83712803,car,l2
Car_140,-28.51,6.99,0.71,10,7.64,"[22.25360429869858, 84.83712802524929]",22.2536043,84.83712803,car,l2
Car_141,-32.28,-9.42,0.43,6,21.91,"[22.25360429869858, 84.83712802524929]",22.2536043,84.83712803,car,l2
Police vehicle_168,-7.4,-0.36,0.15,13,29.96,"[22.25360429869858, 84.83712802524929]",22.2536043,84.83712803,police vehicle,l2
Bus_159,-13.07,4.15,0.83,16,6.81,"[22.25360429869858, 84.83712802524929]",22.2536043,84.83712803,bus,l2
Police vehicle_134,-1.76,-1.07,0.5,20,5.94,"[22.25360429869858, 84.83712802524929]",22.2536043,84.83712803,police vehicle,l2
Car_1,-36.2,16.57,0.17,13,26.45,"[22.25360429869858, 84.83712802524929]",22.2536043,84.83712803,car,l2
Police vehicle_165,-4.87,-5.92,0.87,19,6.53,"[22.25360429869858, 84.83712802524929]",22.2536043,84.83712803,police vehicle,l2
Truck_70,-12.72,1.84,0.63,6,19.79,"[22.25360429869858, 84.83712802524929]",22.2536043,84.83712803,truck,l2
Police vehicle_76,-0.19,-7.07,0.61,1,25.22,"[22.25360429869858, 84.83712802524929]",22.2536043,84.83712803,police vehicle,l2
Truck_30,-14.4,-4.62,0.07,9,29.58,"[22.25360429869858, 84.83712802524929]",22.2536043,84.83712803,truck,l2
Bus_167,-17.76,-5.47,0.82,3,21.97,"[22.25360429869858, 84.83712802524929]",22.2536043,84.83712803,bus,l2
Police vehicle_74,-7.97,1.21,0.1,9,1.03,"[22.25360429869858, 84.83712802524929]",22.2536043,84.83712803,police vehicle,l2
Car_174,0,0,0,3,0.66,"[22.25360429869858, 84.83712802524929]",22.2536043,84.83712803,car,l2
Police vehicle_57,-2.05,-4.18,0.84,18,4.67,"[22.25360429869858, 84.83712802524929]",22.2536043,84.83712803,police vehicle,l2
Bus_73,-10.34,-5.18,0.22,6,17.5,"[22.25360429869858, 84.83712802524929]",22.2536043,84.83712803,bus,l2
Police vehicle_91,-4.42,-2.07,0.95,12,23.64,"[22.25360429869858, 84.83712802524929]",22.2536043,84.83712803,police vehicle,l2
Truck_191,-11.27,-3.28,0.54,10,17.39,"[22.25360429869858, 84.83712802524929]",22.2536043,84.83712803,truck,l2
Bus_9,-11.99,-1.76,0.43,2,25.92,"[22.25360429869858, 84.83712802524929]",22.2536043,84.83712803,bus,l2
Truck_163,-13.39,-4.71,0.21,5,19.8,"[22.25360429869858, 84.83712802524929]",22.2536043,84.83712803,truck,l2
Truck_10,-11.21,-2.07,0.2,15,23.13,"[22.25360429869858, 84.83712802524929]",22.2536043,84.83712803,truck,l2
Car_180,-28.01,3.31,0.46,5,26.19,"[22.25360429869858, 84.83712802524929]",22.2536043,84.83712803,car,l2
Car_88,-33.31,11.08,0.07,18,1.88,"[22.25360429869858, 84.83712802524929]",22.2536043,84.83712803,car,l2
Truck_114,-12.81,0.74,0.8,9,2.1,"[22.25360429869858, 84.83712802524929]",22.2536043,84.83712803,truck,l2
Police vehicle_186,0,0,0,4,5.98,"[22.25360429869858, 84.83712802524929]",22.2536043,84.83712803,police vehicle,l2
Car_170,-35.88,1.8,0.27,19,8.45,"[22.25360429869858, 84.83712802524929]",22.2536043,84.83712803,car,l2
Police vehicle_83,-6.07,-7.57,0.51,20,23.15,"[22.25360429869858, 84.83712802524929]",22.2536043,84.83712803,police vehicle,l2
Police vehicle_136,-8.92,-1.49,0.78,17,27.01,"[22.25360429869858, 84.83712802524929]",22.2536043,84.83712803,police vehicle,l2
Truck_43,-14.26,0.18,0.33,8,9.62,"[22.25360429869858, 84.83712802524929]",22.2536043,84.83712803,truck,l2
Police vehicle_47,-0.73,7.7,0.84,20,17.28,"[22.25360429869858, 84.83712802524929]",22.2536043,84.83712803,police vehicle,l2
Car_116,-33.65,-4.94,0.65,8,20.69,"[22.25360429869858, 84.83712802524929]",22.2536043,84.83712803,car,l2
Car_3,-27.05,16.1,0.71,9,20.38,"[22.25360429869858, 84.83712802524929]",22.2536043,84.83712803,car,l2
Bus_42,-10.37,1.66,0.98,14,20.63,"[22.25360429869858, 84.83712802524929]",22.2536043,84.83712803,bus,l2
Car_197,-32.03,11.82,0.76,20,6.52,"[22.25360429869858, 84.83712802524929]",22.2536043,84.83712803,car,l2
Police vehicle_195,-9.77,-7.51,0.9,1,21.26,"[22.25360429869858, 84.83712802524929]",22.2536043,84.83712803,police vehicle,l2
Bus_58,-16.1,-5.17,0.34,2,24.48,"[22.25360429869858, 84.83712802524929]",22.2536043,84.83712803,bus,l2
Police vehicle_103,-7.27,5.45,0.99,19,26.6,"[22.25360429869858, 84.83712802524929]",22.2536043,84.83712803,police vehicle,l2
Police_Vehicle_3,-8.24,2.78,0.35,14,24.63,"[22.25360429869858, 84.83712802524929]",22.2536043,84.83712803,police vehicle,l2
Car_109,-32.16,-9.84,0.84,1,13.28,"[22.25360429869858, 84.83712802524929]",22.2536043,84.83712803,car,l2
Bus_63,-12.57,5.72,0.19,5,22.46,"[22.25360429869858, 84.83712802524929]",22.2536043,84.83712803,bus,l2
Car_177,-29.07,-5.81,0.82,18,12.91,"[22.25360429869858, 84.83712802524929]",22.2536043,84.83712803,car,l2
Car_22,-32.24,4.71,0.16,12,22.59,"[22.25360429869858, 84.83712802524929]",22.2536043,84.83712803,car,l2
Police vehicle_113,-7.36,-6.42,0.06,8,20.56,"[22.25360429869858, 84.83712802524929]",22.2536043,84.83712803,police vehicle,l2
Bus_123,0,0,0,18,27.17,"[22.25360429869858, 84.83712802524929]",22.2536043,84.83712803,bus,l2
Truck_157,-14.41,4.36,0.61,16,6.86,"[22.25360429869858, 84.83712802524929]",22.2536043,84.83712803,truck,l2
Police vehicle_52,-6.64,-1.85,0.43,17,8.63,"[22.25360429869858, 84.83712802524929]",22.2536043,84.83712803,police vehicle,l2
Police vehicle_99,-2.46,1,0.08,14,9.66,"[22.25360429869858, 84.83712802524929]",22.2536043,84.83712803,police vehicle,l2
Car_84,-32.74,16.48,0.49,18,26.23,"[22.25360429869858, 84.83712802524929]",22.2536043,84.83712803,car,l2
Police vehicle_184,-9.11,3.95,0.72,10,9.24,"[22.25360429869858, 84.83712802524929]",22.2536043,84.83712803,police vehicle,l2
Police vehicle_34,-6.53,9.97,0.42,11,18.18,"[22.25360429869858, 84.83712802524929]",22.2536043,84.83712803,police vehicle,l2
Bus_93,-12.33,5.67,0.81,18,3.32,"[22.25360429869858, 84.83712802524929]",22.2536043,84.83712803,bus,l2
Police vehicle_68,-7.16,7.5,0.96,4,27.84,"[22.25360429869858, 84.83712802524929]",22.2536043,84.83712803,police vehicle,l2
Bus_118,-11.22,-2.89,0.54,19,1.95,"[22.25360429869858, 84.83712802524929]",22.2536043,84.83712803,bus,l2
Truck_104,-13.87,-0.85,0.87,1,8.58,"[22.25360429869858, 84.83712802524929]",22.2536043,84.83712803,truck,l2
Truck_16,-10.61,1.98,0.06,11,1.43,"[22.25360429869858, 84.83712802524929]",22.2536043,84.83712803,truck,l2
Police vehicle_2,-9.74,4.27,0.29,5,22.71,"[22.25360429869858, 84.83712802524929]",22.2536043,84.83712803,police vehicle,l2
Police vehicle_154,-2.69,-5.84,0.75,6,18.9,"[22.25360429869858, 84.83712802524929]",22.2536043,84.83712803,police vehicle,l2
Bus_187,-13.88,4.78,0.31,11,6.47,"[22.25360429869858, 84.83712802524929]",22.2536043,84.83712803,bus,l2
Bus_77,-11.85,-1.48,0.08,5,25.19,"[22.25360429869858, 84.83712802524929]",22.2536043,84.83712803,bus,l2
Car_145,-37.36,-8.05,0.69,16,6.33,"[22.25360429869858, 84.83712802524929]",22.2536043,84.83712803,car,l2
Police_Vehicle_2,-8.33,1.91,0.82,12,1.36,"[22.25360429869858, 84.83712802524929]",22.2536043,84.83712803,police vehicle,l2
Truck_120,-11.14,-1.56,0.01,6,11.54,"[22.25360429869858, 84.83712802524929]",22.2536043,84.83712803,truck,l2
Police vehicle_8,-7.55,0.28,0.65,15,11.83,"[22.25360429869858, 84.83712802524929]",22.2536043,84.83712803,police vehicle,l2
Car_161,-25.57,9.98,0.6,2,21.9,"[22.25360429869858, 84.83712802524929]",22.2536043,84.83712803,car,l2
Bus_194,-18.48,4.85,0.45,11,7.56,"[22.25360429869858, 84.83712802524929]",22.2536043,84.83712803,bus,l2
Bus_37,-14.14,0.63,0.81,2,11.92,"[22.25360429869858, 84.83712802524929]",22.2536043,84.83712803,bus,l2
Car_62,-34.26,18.69,0.73,12,28.83,"[22.25360429869858, 84.83712802524929]",22.2536043,84.83712803,car,l2
Police vehicle_46,-1.69,-4.23,0.12,1,18.65,"[22.25360429869858, 84.83712802524929]",22.2536043,84.83712803,police vehicle,l2
Truck_102,-11.59,2.48,0.14,20,0.96,"[22.25360429869858, 84.83712802524929]",22.2536043,84.83712803,truck,l2
Truck_106,-13.07,-4.87,0.01,8,25.19,"[22.25360429869858, 84.83712802524929]",22.2536043,84.83712803,truck,l2
Car_110,-35.53,-1.51,0.2,18,22.42,"[22.25360429869858, 84.83712802524929]",22.2536043,84.83712803,car,l2
Police vehicle_183,0,0,0,3,6.53,"[22.25360429869858, 84.83712802524929]",22.2536043,84.83712803,police vehicle,l2
Truck_155,-12.5,4.18,0.44,19,1.78,"[22.25360429869858, 84.83712802524929]",22.2536043,84.83712803,truck,l2
Bus_18,-18.83,3.59,0.14,9,2.87,"[22.25360429869858, 84.83712802524929]",22.2536043,84.83712803,bus,l2
Police vehicle_137,-8.14,9.28,0.1,18,13.62,"[22.25360429869858, 84.83712802524929]",22.2536043,84.83712803,police vehicle,l2
Bus_173,-13.44,-0.9,0.56,2,15.36,"[22.25360429869858, 84.83712802524929]",22.2536043,84.83712803,bus,l2
Car_152,-26.59,-2.29,0.22,17,1.14,"[22.25360429869858, 84.83712802524929]",22.2536043,84.83712803,car,l2
Car_69,-34.39,8.72,0.24,6,2.68,"[22.25360429869858, 84.83712802524929]",22.2536043,84.83712803,car,l2
Car_27,0,0,0,3,17.45,"[22.25360429869858, 84.83712802524929]",22.2536043,84.83712803,car,l2
Bus_181,-11.19,2.77,0.53,15,10.08,"[22.25360429869858, 84.83712802524929]",22.2536043,84.83712803,bus,l2
Truck_107,-12.95,-3.46,0.41,18,14.43,"[22.25360429869858, 84.83712802524929]",22.2536043,84.83712803,truck,l2
Police vehicle_85,-4.75,4.11,0.45,17,16.07,"[22.25360429869858, 84.83712802524929]",22.2536043,84.83712803,police vehicle,l2
Truck_82,-12.46,2.05,0.49,1,29.6,"[22.25360429869858, 84.83712802524929]",22.2536043,84.83712803,truck,l2
Car_24,-28.64,-9.54,0.41,2,23.08,"[22.25360429869858, 84.83712802524929]",22.2536043,84.83712803,car,l2
Bus_196,-11.97,2.49,0.5,15,14.34,"[22.25360429869858, 84.83712802524929]",22.2536043,84.83712803,bus,l2
Truck_28,-12.88,3.59,0.68,12,25.87,"[22.25360429869858, 84.83712802524929]",22.2536043,84.83712803,truck,l2
Police vehicle_20,-3.54,2.04,0.52,20,17.6,"[22.25360429869858, 84.83712802524929]",22.2536043,84.83712803,police vehicle,l2
Car_21,-35.5,-4.62,0.47,14,26.26,"[22.25360429869858, 84.83712802524929]",22.2536043,84.83712803,car,l2
Truck_53,-13.48,-0.47,0.48,8,27.15,"[22.25360429869858, 84.83712802524929]",22.2536043,84.83712803,truck,l2
Car_64,-25.11,-11.92,0.76,14,25.18,"[22.25360429869858, 84.83712802524929]",22.2536043,84.83712803,car,l2
Bus_150,0,0,0,19,22.57,"[22.25360429869858, 84.83712802524929]",22.2536043,84.83712803,bus,l2
Car_36,-27.99,17.32,0.9,10,7.18,"[22.25360429869858, 84.83712802524929]",22.2536043,84.83712803,car,l2
Police vehicle_19,-6.01,-0.83,0.99,19,10.15,"[22.25360429869858, 84.83712802524929]",22.2536043,84.83712803,police vehicle,l2
Bus_162,-12.38,0.42,0.9,16,3.31,"[22.25360429869858, 84.83712802524929]",22.2536043,84.83712803,bus,l2
Car_156,-30.65,-4.11,0.3,13,15.82,"[22.25360429869858, 84.83712802524929]",22.2536043,84.83712803,car,l2
Car_26,-36.58,18.27,0.56,5,12.66,"[22.25360429869858, 84.83712802524929]",22.2536043,84.83712803,car,l2
Bus_61,-18.33,4,0.21,4,8.75,"[22.25360429869858, 84.83712802524929]",22.2536043,84.83712803,bus,l2
Police vehicle_54,0,0,0,16,9.98,"[22.25360429869858, 84.83712802524929]",22.2536043,84.83712803,police vehicle,l2
